,Unnamed: 0,PassengerId,Survived,Pclass,Age,SibSp,Parch,Fare,Cabin,gender,southhampton,cherbourgh,queenstown
0,0,1,0,3,22.0,1,0,7.25,0,1,1,0,0
1,1,2,1,1,38.0,1,0,71.2833,C85,0,0,1,0
2,2,3,1,3,26.0,0,0,7.925,0,0,1,0,0
3,3,4,1,1,35.0,1,0,53.1,C123,0,1,0,0
4,4,5,0,3,35.0,0,0,8.05,0,1,1,0,0
5,5,6,0,3,28.343689655172412,0,0,8.4583,0,1,0,0,1
6,6,7,0,1,54.0,0,0,51.8625,E46,1,1,0,0
7,7,8,0,3,2.0,3,1,21.075,0,1,1,0,0
8,8,9,1,3,27.0,0,2,11.1333,0,0,1,0,0
9,9,10,1,2,14.0,1,0,30.0708,0,0,0,1,0
10,10,11,1,3,4.0,1,1,16.7,G6,0,1,0,0
11,11,12,1,1,58.0,0,0,26.55,C103,0,1,0,0
12,12,13,0,3,20.0,0,0,8.05,0,1,1,0,0
13,13,14,0,3,39.0,1,5,31.275,0,1,1,0,0
14,14,15,0,3,14.0,0,0,7.8542,0,0,1,0,0
15,15,16,1,2,55.0,0,0,16.0,0,0,1,0,0
16,16,17,0,3,2.0,4,1,29.125,0,1,0,0,1
17,17,18,1,2,28.343689655172412,0,0,13.0,0,1,1,0,0
18,18,19,0,3,31.0,1,0,18.0,0,0,1,0,0
19,19,20,1,3,28.343689655172412,0,0,7.225,0,0,0,1,0
20,20,21,0,2,35.0,0,0,26.0,0,1,1,0,0
21,21,22,1,2,34.0,0,0,13.0,D56,1,1,0,0
22,22,23,1,3,15.0,0,0,8.0292,0,0,0,0,1
23,23,24,1,1,28.0,0,0,35.5,A6,1,1,0,0
24,24,25,0,3,8.0,3,1,21.075,0,0,1,0,0
25,25,26,1,3,38.0,1,5,31.3875,0,0,1,0,0
26,26,27,0,3,28.343689655172412,0,0,7.225,0,1,0,1,0
27,27,28,0,1,19.0,3,2,263.0,C23 C25 C27,1,1,0,0
28,28,29,1,3,28.343689655172412,0,0,7.8792,0,0,0,0,1
29,29,30,0,3,28.343689655172412,0,0,7.8958,0,1,1,0,0
30,30,31,0,1,40.0,0,0,27.7208,0,1,0,1,0
31,31,32,1,1,28.343689655172412,1,0,146.5208,B78,0,0,1,0
32,32,33,1,3,28.343689655172412,0,0,7.75,0,0,0,0,1
33,33,34,0,2,66.0,0,0,10.5,0,1,1,0,0
34,34,35,0,1,28.0,1,0,82.1708,0,1,0,1,0
35,35,36,0,1,42.0,1,0,52.0,0,1,1,0,0
36,36,37,1,3,28.343689655172412,0,0,7.2292,0,1,0,1,0
37,37,38,0,3,21.0,0,0,8.05,0,1,1,0,0
38,38,39,0,3,18.0,2,0,18.0,0,0,1,0,0
39,39,40,1,3,14.0,1,0,11.2417,0,0,0,1,0
40,40,41,0,3,40.0,1,0,9.475,0,0,1,0,0
41,41,42,0,2,27.0,1,0,21.0,0,0,1,0,0
42,42,43,0,3,28.343689655172412,0,0,7.8958,0,1,0,1,0
43,43,44,1,2,3.0,1,2,41.5792,0,0,0,1,0
44,44,45,1,3,19.0,0,0,7.8792,0,0,0,0,1
45,45,46,0,3,28.343689655172412,0,0,8.05,0,1,1,0,0
46,46,47,0,3,28.343689655172412,1,0,15.5,0,1,0,0,1
47,47,48,1,3,28.343689655172412,0,0,7.75,0,0,0,0,1
48,48,49,0,3,28.343689655172412,2,0,21.6792,0,1,0,1,0
49,49,50,0,3,18.0,1,0,17.8,0,0,1,0,0
50,50,51,0,3,7.0,4,1,39.6875,0,1,1,0,0
51,51,52,0,3,21.0,0,0,7.8,0,1,1,0,0
52,52,53,1,1,49.0,1,0,76.7292,D33,0,0,1,0
53,53,54,1,2,29.0,1,0,26.0,0,0,1,0,0
54,54,55,0,1,65.0,0,1,61.9792,B30,1,0,1,0
55,55,56,1,1,28.343689655172412,0,0,35.5,C52,1,1,0,0
56,56,57,1,2,21.0,0,0,10.5,0,0,1,0,0
57,57,58,0,3,28.5,0,0,7.2292,0,1,0,1,0
58,58,59,1,2,5.0,1,2,27.75,0,0,1,0,0
59,59,60,0,3,11.0,5,2,46.9,0,1,1,0,0
60,60,61,0,3,22.0,0,0,7.2292,0,1,0,1,0
61,61,62,1,1,38.0,0,0,80.0,B28,0,0,0,0
62,62,63,0,1,45.0,1,0,83.475,C83,1,1,0,0
63,63,64,0,3,4.0,3,2,27.9,0,1,1,0,0
64,64,65,0,1,28.343689655172412,0,0,27.7208,0,1,0,1,0
65,65,66,1,3,28.343689655172412,1,1,15.2458,0,1,0,1,0
66,66,67,1,2,29.0,0,0,10.5,F33,0,1,0,0
67,67,68,0,3,19.0,0,0,8.1583,0,1,1,0,0
68,68,69,1,3,17.0,4,2,7.925,0,0,1,0,0
69,69,70,0,3,26.0,2,0,8.6625,0,1,1,0,0
70,70,71,0,2,32.0,0,0,10.5,0,1,1,0,0
71,71,72,0,3,16.0,5,2,46.9,0,0,1,0,0
72,72,73,0,2,21.0,0,0,73.5,0,1,1,0,0
73,73,74,0,3,26.0,1,0,14.4542,0,1,0,1,0
74,74,75,1,3,32.0,0,0,56.4958,0,1,1,0,0
75,75,76,0,3,25.0,0,0,7.65,F G73,1,1,0,0
76,76,77,0,3,28.343689655172412,0,0,7.8958,0,1,1,0,0
77,77,78,0,3,28.343689655172412,0,0,8.05,0,1,1,0,0
78,78,79,1,2,0.83,0,2,29.0,0,1,1,0,0
79,79,80,1,3,30.0,0,0,12.475,0,0,1,0,0
80,80,81,0,3,22.0,0,0,9.0,0,1,1,0,0
81,81,82,1,3,29.0,0,0,9.5,0,1,1,0,0
82,82,83,1,3,28.343689655172412,0,0,7.7875,0,0,0,0,1
83,83,84,0,1,28.0,0,0,47.1,0,1,1,0,0
84,84,85,1,2,17.0,0,0,10.5,0,0,1,0,0
85,85,86,1,3,33.0,3,0,15.85,0,0,1,0,0
86,86,87,0,3,16.0,1,3,34.375,0,1,1,0,0
87,87,88,0,3,28.343689655172412,0,0,8.05,0,1,1,0,0
88,88,89,1,1,23.0,3,2,263.0,C23 C25 C27,0,1,0,0
89,89,90,0,3,24.0,0,0,8.05,0,1,1,0,0
90,90,91,0,3,29.0,0,0,8.05,0,1,1,0,0
91,91,92,0,3,20.0,0,0,7.8542,0,1,1,0,0
92,92,93,0,1,46.0,1,0,61.175,E31,1,1,0,0
93,93,94,0,3,26.0,1,2,20.575,0,1,1,0,0
94,94,95,0,3,59.0,0,0,7.25,0,1,1,0,0
95,95,96,0,3,28.343689655172412,0,0,8.05,0,1,1,0,0
96,96,97,0,1,71.0,0,0,34.6542,A5,1,0,1,0
97,97,98,1,1,23.0,0,1,63.3583,D10 D12,1,0,1,0
98,98,99,1,2,34.0,0,1,23.0,0,0,1,0,0
99,99,100,0,2,34.0,1,0,26.0,0,1,1,0,0
100,100,101,0,3,28.0,0,0,7.8958,0,0,1,0,0
101,101,102,0,3,28.343689655172412,0,0,7.8958,0,1,1,0,0
102,102,103,0,1,21.0,0,1,77.2875,D26,1,1,0,0
103,103,104,0,3,33.0,0,0,8.6542,0,1,1,0,0
104,104,105,0,3,37.0,2,0,7.925,0,1,1,0,0
105,105,106,0,3,28.0,0,0,7.8958,0,1,1,0,0
106,106,107,1,3,21.0,0,0,7.65,0,0,1,0,0
107,107,108,1,3,28.343689655172412,0,0,7.775,0,1,1,0,0
108,108,109,0,3,38.0,0,0,7.8958,0,1,1,0,0
109,109,110,1,3,28.343689655172412,1,0,24.15,0,0,0,0,1
110,110,111,0,1,47.0,0,0,52.0,C110,1,1,0,0
111,111,112,0,3,14.5,1,0,14.4542,0,0,0,1,0
112,112,113,0,3,22.0,0,0,8.05,0,1,1,0,0
113,113,114,0,3,20.0,1,0,9.825,0,0,1,0,0
114,114,115,0,3,17.0,0,0,14.4583,0,0,0,1,0
115,115,116,0,3,21.0,0,0,7.925,0,1,1,0,0
116,116,117,0,3,70.5,0,0,7.75,0,1,0,0,1
117,117,118,0,2,29.0,1,0,21.0,0,1,1,0,0
118,118,119,0,1,24.0,0,1,247.5208,B58 B60,1,0,1,0
119,119,120,0,3,2.0,4,2,31.275,0,0,1,0,0
120,120,121,0,2,21.0,2,0,73.5,0,1,1,0,0
121,121,122,0,3,28.343689655172412,0,0,8.05,0,1,1,0,0
122,122,123,0,2,32.5,1,0,30.0708,0,1,0,1,0
123,123,124,1,2,32.5,0,0,13.0,E101,0,1,0,0
124,124,125,0,1,54.0,0,1,77.2875,D26,1,1,0,0
125,125,126,1,3,12.0,1,0,11.2417,0,1,0,1,0
126,126,127,0,3,28.343689655172412,0,0,7.75,0,1,0,0,1
127,127,128,1,3,24.0,0,0,7.1417,0,1,1,0,0
128,128,129,1,3,28.343689655172412,1,1,22.3583,F E69,0,0,1,0
129,129,130,0,3,45.0,0,0,6.975,0,1,1,0,0
130,130,131,0,3,33.0,0,0,7.8958,0,1,0,1,0
131,131,132,0,3,20.0,0,0,7.05,0,1,1,0,0
132,132,133,0,3,47.0,1,0,14.5,0,0,1,0,0
133,133,134,1,2,29.0,1,0,26.0,0,0,1,0,0
134,134,135,0,2,25.0,0,0,13.0,0,1,1,0,0
135,135,136,0,2,23.0,0,0,15.0458,0,1,0,1,0
136,136,137,1,1,19.0,0,2,26.2833,D47,0,1,0,0
137,137,138,0,1,37.0,1,0,53.1,C123,1,1,0,0
138,138,139,0,3,16.0,0,0,9.2167,0,1,1,0,0
139,139,140,0,1,24.0,0,0,79.2,B86,1,0,1,0
140,140,141,0,3,28.343689655172412,0,2,15.2458,0,0,0,1,0
141,141,142,1,3,22.0,0,0,7.75,0,0,1,0,0
142,142,143,1,3,24.0,1,0,15.85,0,0,1,0,0
143,143,144,0,3,19.0,0,0,6.75,0,1,0,0,1
144,144,145,0,2,18.0,0,0,11.5,0,1,1,0,0
145,145,146,0,2,19.0,1,1,36.75,0,1,1,0,0
146,146,147,1,3,27.0,0,0,7.7958,0,1,1,0,0
147,147,148,0,3,9.0,2,2,34.375,0,0,1,0,0
148,148,149,0,2,36.5,0,2,26.0,F2,1,1,0,0
149,149,150,0,2,42.0,0,0,13.0,0,1,1,0,0
150,150,151,0,2,51.0,0,0,12.525,0,1,1,0,0
151,151,152,1,1,22.0,1,0,66.6,C2,0,1,0,0
152,152,153,0,3,55.5,0,0,8.05,0,1,1,0,0
153,153,154,0,3,40.5,0,2,14.5,0,1,1,0,0
154,154,155,0,3,28.343689655172412,0,0,7.3125,0,1,1,0,0
155,155,156,0,1,51.0,0,1,61.3792,0,1,0,1,0
156,156,157,1,3,16.0,0,0,7.7333,0,0,0,0,1
157,157,158,0,3,30.0,0,0,8.05,0,1,1,0,0
158,158,159,0,3,28.343689655172412,0,0,8.6625,0,1,1,0,0
159,159,160,0,3,28.343689655172412,8,2,69.55,0,1,1,0,0
160,160,161,0,3,44.0,0,1,16.1,0,1,1,0,0
161,161,162,1,2,40.0,0,0,15.75,0,0,1,0,0
162,162,163,0,3,26.0,0,0,7.775,0,1,1,0,0
163,163,164,0,3,17.0,0,0,8.6625,0,1,1,0,0
164,164,165,0,3,1.0,4,1,39.6875,0,1,1,0,0
165,165,166,1,3,9.0,0,2,20.525,0,1,1,0,0
166,166,167,1,1,28.343689655172412,0,1,55.0,E33,0,1,0,0
167,167,168,0,3,45.0,1,4,27.9,0,0,1,0,0
168,168,169,0,1,28.343689655172412,0,0,25.925,0,1,1,0,0
169,169,170,0,3,28.0,0,0,56.4958,0,1,1,0,0
170,170,171,0,1,61.0,0,0,33.5,B19,1,1,0,0
171,171,172,0,3,4.0,4,1,29.125,0,1,0,0,1
172,172,173,1,3,1.0,1,1,11.1333,0,0,1,0,0
173,173,174,0,3,21.0,0,0,7.925,0,1,1,0,0
174,174,175,0,1,56.0,0,0,30.6958,A7,1,0,1,0
175,175,176,0,3,18.0,1,1,7.8542,0,1,1,0,0
176,176,177,0,3,28.343689655172412,3,1,25.4667,0,1,1,0,0
177,177,178,0,1,50.0,0,0,28.7125,C49,0,0,1,0
178,178,179,0,2,30.0,0,0,13.0,0,1,1,0,0
179,179,180,0,3,36.0,0,0,0.0,0,1,1,0,0
180,180,181,0,3,28.343689655172412,8,2,69.55,0,0,1,0,0
181,181,182,0,2,28.343689655172412,0,0,15.05,0,1,0,1,0
182,182,183,0,3,9.0,4,2,31.3875,0,1,1,0,0
183,183,184,1,2,1.0,2,1,39.0,F4,1,1,0,0
184,184,185,1,3,4.0,0,2,22.025,0,0,1,0,0
185,185,186,0,1,28.343689655172412,0,0,50.0,A32,1,1,0,0
186,186,187,1,3,28.343689655172412,1,0,15.5,0,0,0,0,1
187,187,188,1,1,45.0,0,0,26.55,0,1,1,0,0
188,188,189,0,3,40.0,1,1,15.5,0,1,0,0,1
189,189,190,0,3,36.0,0,0,7.8958,0,1,1,0,0
190,190,191,1,2,32.0,0,0,13.0,0,0,1,0,0
191,191,192,0,2,19.0,0,0,13.0,0,1,1,0,0
192,192,193,1,3,19.0,1,0,7.8542,0,0,1,0,0
193,193,194,1,2,3.0,1,1,26.0,F2,1,1,0,0
194,194,195,1,1,44.0,0,0,27.7208,B4,0,0,1,0
195,195,196,1,1,58.0,0,0,146.5208,B80,0,0,1,0
196,196,197,0,3,28.343689655172412,0,0,7.75,0,1,0,0,1
197,197,198,0,3,42.0,0,1,8.4042,0,1,1,0,0
198,198,199,1,3,28.343689655172412,0,0,7.75,0,0,0,0,1
199,199,200,0,2,24.0,0,0,13.0,0,0,1,0,0
200,200,201,0,3,28.0,0,0,9.5,0,1,1,0,0
201,201,202,0,3,28.343689655172412,8,2,69.55,0,1,1,0,0
202,202,203,0,3,34.0,0,0,6.4958,0,1,1,0,0
203,203,204,0,3,45.5,0,0,7.225,0,1,0,1,0
204,204,205,1,3,18.0,0,0,8.05,0,1,1,0,0
205,205,206,0,3,2.0,0,1,10.4625,G6,0,1,0,0
206,206,207,0,3,32.0,1,0,15.85,0,1,1,0,0
207,207,208,1,3,26.0,0,0,18.7875,0,1,0,1,0
208,208,209,1,3,16.0,0,0,7.75,0,0,0,0,1
209,209,210,1,1,40.0,0,0,31.0,A31,1,0,1,0
210,210,211,0,3,24.0,0,0,7.05,0,1,1,0,0
211,211,212,1,2,35.0,0,0,21.0,0,0,1,0,0
212,212,213,0,3,22.0,0,0,7.25,0,1,1,0,0
213,213,214,0,2,30.0,0,0,13.0,0,1,1,0,0
214,214,215,0,3,28.343689655172412,1,0,7.75,0,1,0,0,1
215,215,216,1,1,31.0,1,0,113.275,D36,0,0,1,0
216,216,217,1,3,27.0,0,0,7.925,0,0,1,0,0
217,217,218,0,2,42.0,1,0,27.0,0,1,1,0,0
218,218,219,1,1,32.0,0,0,76.2917,D15,0,0,1,0
219,219,220,0,2,30.0,0,0,10.5,0,1,1,0,0
220,220,221,1,3,16.0,0,0,8.05,0,1,1,0,0
221,221,222,0,2,27.0,0,0,13.0,0,1,1,0,0
222,222,223,0,3,51.0,0,0,8.05,0,1,1,0,0
223,223,224,0,3,28.343689655172412,0,0,7.8958,0,1,1,0,0
224,224,225,1,1,38.0,1,0,90.0,C93,1,1,0,0
225,225,226,0,3,22.0,0,0,9.35,0,1,1,0,0
226,226,227,1,2,19.0,0,0,10.5,0,1,1,0,0
227,227,228,0,3,20.5,0,0,7.25,0,1,1,0,0
228,228,229,0,2,18.0,0,0,13.0,0,1,1,0,0
229,229,230,0,3,28.343689655172412,3,1,25.4667,0,0,1,0,0
230,230,231,1,1,35.0,1,0,83.475,C83,0,1,0,0
231,231,232,0,3,29.0,0,0,7.775,0,1,1,0,0
232,232,233,0,2,59.0,0,0,13.5,0,1,1,0,0
233,233,234,1,3,5.0,4,2,31.3875,0,0,1,0,0
234,234,235,0,2,24.0,0,0,10.5,0,1,1,0,0
235,235,236,0,3,28.343689655172412,0,0,7.55,0,0,1,0,0
236,236,237,0,2,44.0,1,0,26.0,0,1,1,0,0
237,237,238,1,2,8.0,0,2,26.25,0,0,1,0,0
238,238,239,0,2,19.0,0,0,10.5,0,1,1,0,0
239,239,240,0,2,33.0,0,0,12.275,0,1,1,0,0
240,240,241,0,3,28.343689655172412,1,0,14.4542,0,0,0,1,0
241,241,242,1,3,28.343689655172412,1,0,15.5,0,0,0,0,1
242,242,243,0,2,29.0,0,0,10.5,0,1,1,0,0
243,243,244,0,3,22.0,0,0,7.125,0,1,1,0,0
244,244,245,0,3,30.0,0,0,7.225,0,1,0,1,0
245,245,246,0,1,44.0,2,0,90.0,C78,1,0,0,1
246,246,247,0,3,25.0,0,0,7.775,0,0,1,0,0
247,247,248,1,2,24.0,0,2,14.5,0,0,1,0,0
248,248,249,1,1,37.0,1,1,52.5542,D35,1,1,0,0
249,249,250,0,2,54.0,1,0,26.0,0,1,1,0,0
250,250,251,0,3,28.343689655172412,0,0,7.25,0,1,1,0,0
251,251,252,0,3,29.0,1,1,10.4625,G6,0,1,0,0
252,252,253,0,1,62.0,0,0,26.55,C87,1,1,0,0
253,253,254,0,3,30.0,1,0,16.1,0,1,1,0,0
254,254,255,0,3,41.0,0,2,20.2125,0,0,1,0,0
255,255,256,1,3,29.0,0,2,15.2458,0,0,0,1,0
256,256,257,1,1,28.343689655172412,0,0,79.2,0,0,0,1,0
257,257,258,1,1,30.0,0,0,86.5,B77,0,1,0,0
258,258,259,1,1,35.0,0,0,512.3292,0,0,0,1,0
259,259,260,1,2,50.0,0,1,26.0,0,0,1,0,0
260,260,261,0,3,28.343689655172412,0,0,7.75,0,1,0,0,1
261,261,262,1,3,3.0,4,2,31.3875,0,1,1,0,0
262,262,263,0,1,52.0,1,1,79.65,E67,1,1,0,0
263,263,264,0,1,40.0,0,0,0.0,B94,1,1,0,0
264,264,265,0,3,28.343689655172412,0,0,7.75,0,0,0,0,1
265,265,266,0,2,36.0,0,0,10.5,0,1,1,0,0
266,266,267,0,3,16.0,4,1,39.6875,0,1,1,0,0
267,267,268,1,3,25.0,1,0,7.775,0,1,1,0,0
268,268,269,1,1,58.0,0,1,153.4625,C125,0,1,0,0
269,269,270,1,1,35.0,0,0,135.6333,C99,0,1,0,0
270,270,271,0,1,28.343689655172412,0,0,31.0,0,1,1,0,0
271,271,272,1,3,25.0,0,0,0.0,0,1,1,0,0
272,272,273,1,2,41.0,0,1,19.5,0,0,1,0,0
273,273,274,0,1,37.0,0,1,29.7,C118,1,0,1,0
274,274,275,1,3,28.343689655172412,0,0,7.75,0,0,0,0,1
275,275,276,1,1,63.0,1,0,77.9583,D7,0,1,0,0
276,276,277,0,3,45.0,0,0,7.75,0,0,1,0,0
277,277,278,0,2,28.343689655172412,0,0,0.0,0,1,1,0,0
278,278,279,0,3,7.0,4,1,29.125,0,1,0,0,1
279,279,280,1,3,35.0,1,1,20.25,0,0,1,0,0
280,280,281,0,3,65.0,0,0,7.75,0,1,0,0,1
281,281,282,0,3,28.0,0,0,7.8542,0,1,1,0,0
282,282,283,0,3,16.0,0,0,9.5,0,1,1,0,0
283,283,284,1,3,19.0,0,0,8.05,0,1,1,0,0
284,284,285,0,1,28.343689655172412,0,0,26.0,A19,1,1,0,0
285,285,286,0,3,33.0,0,0,8.6625,0,1,0,1,0
286,286,287,1,3,30.0,0,0,9.5,0,1,1,0,0
287,287,288,0,3,22.0,0,0,7.8958,0,1,1,0,0
288,288,289,1,2,42.0,0,0,13.0,0,1,1,0,0
289,289,290,1,3,22.0,0,0,7.75,0,0,0,0,1
290,290,291,1,1,26.0,0,0,78.85,0,0,1,0,0
291,291,292,1,1,19.0,1,0,91.0792,B49,0,0,1,0
292,292,293,0,2,36.0,0,0,12.875,D,1,0,1,0
293,293,294,0,3,24.0,0,0,8.85,0,0,1,0,0
294,294,295,0,3,24.0,0,0,7.8958,0,1,1,0,0
295,295,296,0,1,28.343689655172412,0,0,27.7208,0,1,0,1,0
296,296,297,0,3,23.5,0,0,7.2292,0,1,0,1,0
297,297,298,0,1,2.0,1,2,151.55,C22 C26,0,1,0,0
298,298,299,1,1,28.343689655172412,0,0,30.5,C106,1,1,0,0
299,299,300,1,1,50.0,0,1,247.5208,B58 B60,0,0,1,0
300,300,301,1,3,28.343689655172412,0,0,7.75,0,0,0,0,1
301,301,302,1,3,28.343689655172412,2,0,23.25,0,1,0,0,1
302,302,303,0,3,19.0,0,0,0.0,0,1,1,0,0
303,303,304,1,2,28.343689655172412,0,0,12.35,E101,0,0,0,1
304,304,305,0,3,28.343689655172412,0,0,8.05,0,1,1,0,0
305,305,306,1,1,0.92,1,2,151.55,C22 C26,1,1,0,0
306,306,307,1,1,28.343689655172412,0,0,110.8833,0,0,0,1,0
307,307,308,1,1,17.0,1,0,108.9,C65,0,0,1,0
308,308,309,0,2,30.0,1,0,24.0,0,1,0,1,0
309,309,310,1,1,30.0,0,0,56.9292,E36,0,0,1,0
310,310,311,1,1,24.0,0,0,83.1583,C54,0,0,1,0
311,311,312,1,1,18.0,2,2,262.375,B57 B59 B63 B66,0,0,1,0
312,312,313,0,2,26.0,1,1,26.0,0,0,1,0,0
313,313,314,0,3,28.0,0,0,7.8958,0,1,1,0,0
314,314,315,0,2,43.0,1,1,26.25,0,1,1,0,0
315,315,316,1,3,26.0,0,0,7.8542,0,0,1,0,0
316,316,317,1,2,24.0,1,0,26.0,0,0,1,0,0
317,317,318,0,2,54.0,0,0,14.0,0,1,1,0,0
318,318,319,1,1,31.0,0,2,164.8667,C7,0,1,0,0
319,319,320,1,1,40.0,1,1,134.5,E34,0,0,1,0
320,320,321,0,3,22.0,0,0,7.25,0,1,1,0,0
321,321,322,0,3,27.0,0,0,7.8958,0,1,1,0,0
322,322,323,1,2,30.0,0,0,12.35,0,0,0,0,1
323,323,324,1,2,22.0,1,1,29.0,0,0,1,0,0
324,324,325,0,3,28.343689655172412,8,2,69.55,0,1,1,0,0
325,325,326,1,1,36.0,0,0,135.6333,C32,0,0,1,0
326,326,327,0,3,61.0,0,0,6.2375,0,1,1,0,0
327,327,328,1,2,36.0,0,0,13.0,D,0,1,0,0
328,328,329,1,3,31.0,1,1,20.525,0,0,1,0,0
329,329,330,1,1,16.0,0,1,57.9792,B18,0,0,1,0
330,330,331,1,3,28.343689655172412,2,0,23.25,0,0,0,0,1
331,331,332,0,1,45.5,0,0,28.5,C124,1,1,0,0
332,332,333,0,1,38.0,0,1,153.4625,C91,1,1,0,0
333,333,334,0,3,16.0,2,0,18.0,0,1,1,0,0
334,334,335,1,1,28.343689655172412,1,0,133.65,0,0,1,0,0
335,335,336,0,3,28.343689655172412,0,0,7.8958,0,1,1,0,0
336,336,337,0,1,29.0,1,0,66.6,C2,1,1,0,0
337,337,338,1,1,41.0,0,0,134.5,E40,0,0,1,0
338,338,339,1,3,45.0,0,0,8.05,0,1,1,0,0
339,339,340,0,1,45.0,0,0,35.5,T,1,1,0,0
340,340,341,1,2,2.0,1,1,26.0,F2,1,1,0,0
341,341,342,1,1,24.0,3,2,263.0,C23 C25 C27,0,1,0,0
342,342,343,0,2,28.0,0,0,13.0,0,1,1,0,0
343,343,344,0,2,25.0,0,0,13.0,0,1,1,0,0
344,344,345,0,2,36.0,0,0,13.0,0,1,1,0,0
345,345,346,1,2,24.0,0,0,13.0,F33,0,1,0,0
346,346,347,1,2,40.0,0,0,13.0,0,0,1,0,0
347,347,348,1,3,28.343689655172412,1,0,16.1,0,0,1,0,0
348,348,349,1,3,3.0,1,1,15.9,0,1,1,0,0
349,349,350,0,3,42.0,0,0,8.6625,0,1,1,0,0
350,350,351,0,3,23.0,0,0,9.225,0,1,1,0,0
351,351,352,0,1,28.343689655172412,0,0,35.0,C128,1,1,0,0
352,352,353,0,3,15.0,1,1,7.2292,0,1,0,1,0
353,353,354,0,3,25.0,1,0,17.8,0,1,1,0,0
354,354,355,0,3,28.343689655172412,0,0,7.225,0,1,0,1,0
355,355,356,0,3,28.0,0,0,9.5,0,1,1,0,0
356,356,357,1,1,22.0,0,1,55.0,E33,0,1,0,0
357,357,358,0,2,38.0,0,0,13.0,0,0,1,0,0
358,358,359,1,3,28.343689655172412,0,0,7.8792,0,0,0,0,1
359,359,360,1,3,28.343689655172412,0,0,7.8792,0,0,0,0,1
360,360,361,0,3,40.0,1,4,27.9,0,1,1,0,0
361,361,362,0,2,29.0,1,0,27.7208,0,1,0,1,0
362,362,363,0,3,45.0,0,1,14.4542,0,0,0,1,0
363,363,364,0,3,35.0,0,0,7.05,0,1,1,0,0
364,364,365,0,3,28.343689655172412,1,0,15.5,0,1,0,0,1
365,365,366,0,3,30.0,0,0,7.25,0,1,1,0,0
366,366,367,1,1,60.0,1,0,75.25,D37,0,0,1,0
367,367,368,1,3,28.343689655172412,0,0,7.2292,0,0,0,1,0
368,368,369,1,3,28.343689655172412,0,0,7.75,0,0,0,0,1
369,369,370,1,1,24.0,0,0,69.3,B35,0,0,1,0
370,370,371,1,1,25.0,1,0,55.4417,E50,1,0,1,0
371,371,372,0,3,18.0,1,0,6.4958,0,1,1,0,0
372,372,373,0,3,19.0,0,0,8.05,0,1,1,0,0
373,373,374,0,1,22.0,0,0,135.6333,0,1,0,1,0
374,374,375,0,3,3.0,3,1,21.075,0,0,1,0,0
375,375,376,1,1,28.343689655172412,1,0,82.1708,0,0,0,1,0
376,376,377,1,3,22.0,0,0,7.25,0,0,1,0,0
377,377,378,0,1,27.0,0,2,211.5,C82,1,0,1,0
378,378,379,0,3,20.0,0,0,4.0125,0,1,0,1,0
379,379,380,0,3,19.0,0,0,7.775,0,1,1,0,0
380,380,381,1,1,42.0,0,0,227.525,0,0,0,1,0
381,381,382,1,3,1.0,0,2,15.7417,0,0,0,1,0
382,382,383,0,3,32.0,0,0,7.925,0,1,1,0,0
383,383,384,1,1,35.0,1,0,52.0,0,0,1,0,0
384,384,385,0,3,28.343689655172412,0,0,7.8958,0,1,1,0,0
385,385,386,0,2,18.0,0,0,73.5,0,1,1,0,0
386,386,387,0,3,1.0,5,2,46.9,0,1,1,0,0
387,387,388,1,2,36.0,0,0,13.0,0,0,1,0,0
388,388,389,0,3,28.343689655172412,0,0,7.7292,0,1,0,0,1
389,389,390,1,2,17.0,0,0,12.0,0,0,0,1,0
390,390,391,1,1,36.0,1,2,120.0,B96 B98,1,1,0,0
391,391,392,1,3,21.0,0,0,7.7958,0,1,1,0,0
392,392,393,0,3,28.0,2,0,7.925,0,1,1,0,0
393,393,394,1,1,23.0,1,0,113.275,D36,0,0,1,0
394,394,395,1,3,24.0,0,2,16.7,G6,0,1,0,0
395,395,396,0,3,22.0,0,0,7.7958,0,1,1,0,0
396,396,397,0,3,31.0,0,0,7.8542,0,0,1,0,0
397,397,398,0,2,46.0,0,0,26.0,0,1,1,0,0
398,398,399,0,2,23.0,0,0,10.5,0,1,1,0,0
399,399,400,1,2,28.0,0,0,12.65,0,0,1,0,0
400,400,401,1,3,39.0,0,0,7.925,0,1,1,0,0
401,401,402,0,3,26.0,0,0,8.05,0,1,1,0,0
402,402,403,0,3,21.0,1,0,9.825,0,0,1,0,0
403,403,404,0,3,28.0,1,0,15.85,0,1,1,0,0
404,404,405,0,3,20.0,0,0,8.6625,0,0,1,0,0
405,405,406,0,2,34.0,1,0,21.0,0,1,1,0,0
406,406,407,0,3,51.0,0,0,7.75,0,1,1,0,0
407,407,408,1,2,3.0,1,1,18.75,0,1,1,0,0
408,408,409,0,3,21.0,0,0,7.775,0,1,1,0,0
409,409,410,0,3,28.343689655172412,3,1,25.4667,0,0,1,0,0
410,410,411,0,3,28.343689655172412,0,0,7.8958,0,1,1,0,0
411,411,412,0,3,28.343689655172412,0,0,6.8583,0,1,0,0,1
412,412,413,1,1,33.0,1,0,90.0,C78,0,0,0,1
413,413,414,0,2,28.343689655172412,0,0,0.0,0,1,1,0,0
414,414,415,1,3,44.0,0,0,7.925,0,1,1,0,0
415,415,416,0,3,28.343689655172412,0,0,8.05,0,0,1,0,0
416,416,417,1,2,34.0,1,1,32.5,0,0,1,0,0
417,417,418,1,2,18.0,0,2,13.0,0,0,1,0,0
418,418,419,0,2,30.0,0,0,13.0,0,1,1,0,0
419,419,420,0,3,10.0,0,2,24.15,0,0,1,0,0
420,420,421,0,3,28.343689655172412,0,0,7.8958,0,1,0,1,0
421,421,422,0,3,21.0,0,0,7.7333,0,1,0,0,1
422,422,423,0,3,29.0,0,0,7.875,0,1,1,0,0
423,423,424,0,3,28.0,1,1,14.4,0,0,1,0,0
424,424,425,0,3,18.0,1,1,20.2125,0,1,1,0,0
425,425,426,0,3,28.343689655172412,0,0,7.25,0,1,1,0,0
426,426,427,1,2,28.0,1,0,26.0,0,0,1,0,0
427,427,428,1,2,19.0,0,0,26.0,0,0,1,0,0
428,428,429,0,3,28.343689655172412,0,0,7.75,0,1,0,0,1
429,429,430,1,3,32.0,0,0,8.05,E10,1,1,0,0
430,430,431,1,1,28.0,0,0,26.55,C52,1,1,0,0
431,431,432,1,3,28.343689655172412,1,0,16.1,0,0,1,0,0
432,432,433,1,2,42.0,1,0,26.0,0,0,1,0,0
433,433,434,0,3,17.0,0,0,7.125,0,1,1,0,0
434,434,435,0,1,50.0,1,0,55.9,E44,1,1,0,0
435,435,436,1,1,14.0,1,2,120.0,B96 B98,0,1,0,0
436,436,437,0,3,21.0,2,2,34.375,0,0,1,0,0
437,437,438,1,2,24.0,2,3,18.75,0,0,1,0,0
438,438,439,0,1,64.0,1,4,263.0,C23 C25 C27,1,1,0,0
439,439,440,0,2,31.0,0,0,10.5,0,1,1,0,0
440,440,441,1,2,45.0,1,1,26.25,0,0,1,0,0
441,441,442,0,3,20.0,0,0,9.5,0,1,1,0,0
442,442,443,0,3,25.0,1,0,7.775,0,1,1,0,0
443,443,444,1,2,28.0,0,0,13.0,0,0,1,0,0
444,444,445,1,3,28.343689655172412,0,0,8.1125,0,1,1,0,0
445,445,446,1,1,4.0,0,2,81.8583,A34,1,1,0,0
446,446,447,1,2,13.0,0,1,19.5,0,0,1,0,0
447,447,448,1,1,34.0,0,0,26.55,0,1,1,0,0
448,448,449,1,3,5.0,2,1,19.2583,0,0,0,1,0
449,449,450,1,1,52.0,0,0,30.5,C104,1,1,0,0
450,450,451,0,2,36.0,1,2,27.75,0,1,1,0,0
451,451,452,0,3,28.343689655172412,1,0,19.9667,0,1,1,0,0
452,452,453,0,1,30.0,0,0,27.75,C111,1,0,1,0
453,453,454,1,1,49.0,1,0,89.1042,C92,1,0,1,0
454,454,455,0,3,28.343689655172412,0,0,8.05,0,1,1,0,0
455,455,456,1,3,29.0,0,0,7.8958,0,1,0,1,0
456,456,457,0,1,65.0,0,0,26.55,E38,1,1,0,0
457,457,458,1,1,28.343689655172412,1,0,51.8625,D21,0,1,0,0
458,458,459,1,2,50.0,0,0,10.5,0,0,1,0,0
459,459,460,0,3,28.343689655172412,0,0,7.75,0,1,0,0,1
460,460,461,1,1,48.0,0,0,26.55,E12,1,1,0,0
461,461,462,0,3,34.0,0,0,8.05,0,1,1,0,0
462,462,463,0,1,47.0,0,0,38.5,E63,1,1,0,0
463,463,464,0,2,48.0,0,0,13.0,0,1,1,0,0
464,464,465,0,3,28.343689655172412,0,0,8.05,0,1,1,0,0
465,465,466,0,3,38.0,0,0,7.05,0,1,1,0,0
466,466,467,0,2,28.343689655172412,0,0,0.0,0,1,1,0,0
467,467,468,0,1,56.0,0,0,26.55,0,1,1,0,0
468,468,469,0,3,28.343689655172412,0,0,7.725,0,1,0,0,1
469,469,470,1,3,0.75,2,1,19.2583,0,0,0,1,0
470,470,471,0,3,28.343689655172412,0,0,7.25,0,1,1,0,0
471,471,472,0,3,38.0,0,0,8.6625,0,1,1,0,0
472,472,473,1,2,33.0,1,2,27.75,0,0,1,0,0
473,473,474,1,2,23.0,0,0,13.7917,D,0,0,1,0
474,474,475,0,3,22.0,0,0,9.8375,0,0,1,0,0
475,475,476,0,1,28.343689655172412,0,0,52.0,A14,1,1,0,0
476,476,477,0,2,34.0,1,0,21.0,0,1,1,0,0
477,477,478,0,3,29.0,1,0,7.0458,0,1,1,0,0
478,478,479,0,3,22.0,0,0,7.5208,0,1,1,0,0
479,479,480,1,3,2.0,0,1,12.2875,0,0,1,0,0
480,480,481,0,3,9.0,5,2,46.9,0,1,1,0,0
481,481,482,0,2,28.343689655172412,0,0,0.0,0,1,1,0,0
482,482,483,0,3,50.0,0,0,8.05,0,1,1,0,0
483,483,484,1,3,63.0,0,0,9.5875,0,0,1,0,0
484,484,485,1,1,25.0,1,0,91.0792,B49,1,0,1,0
485,485,486,0,3,28.343689655172412,3,1,25.4667,0,0,1,0,0
486,486,487,1,1,35.0,1,0,90.0,C93,0,1,0,0
487,487,488,0,1,58.0,0,0,29.7,B37,1,0,1,0
488,488,489,0,3,30.0,0,0,8.05,0,1,1,0,0
489,489,490,1,3,9.0,1,1,15.9,0,1,1,0,0
490,490,491,0,3,28.343689655172412,1,0,19.9667,0,1,1,0,0
491,491,492,0,3,21.0,0,0,7.25,0,1,1,0,0
492,492,493,0,1,55.0,0,0,30.5,C30,1,1,0,0
493,493,494,0,1,71.0,0,0,49.5042,0,1,0,1,0
494,494,495,0,3,21.0,0,0,8.05,0,1,1,0,0
495,495,496,0,3,28.343689655172412,0,0,14.4583,0,1,0,1,0
496,496,497,1,1,54.0,1,0,78.2667,D20,0,0,1,0
497,497,498,0,3,28.343689655172412,0,0,15.1,0,1,1,0,0
498,498,499,0,1,25.0,1,2,151.55,C22 C26,0,1,0,0
499,499,500,0,3,24.0,0,0,7.7958,0,1,1,0,0
500,500,501,0,3,17.0,0,0,8.6625,0,1,1,0,0
501,501,502,0,3,21.0,0,0,7.75,0,0,0,0,1
502,502,503,0,3,28.343689655172412,0,0,7.6292,0,0,0,0,1
503,503,504,0,3,37.0,0,0,9.5875,0,0,1,0,0
504,504,505,1,1,16.0,0,0,86.5,B79,0,1,0,0
505,505,506,0,1,18.0,1,0,108.9,C65,1,0,1,0
506,506,507,1,2,33.0,0,2,26.0,0,0,1,0,0
507,507,508,1,1,28.343689655172412,0,0,26.55,0,1,1,0,0
508,508,509,0,3,28.0,0,0,22.525,0,1,1,0,0
509,509,510,1,3,26.0,0,0,56.4958,0,1,1,0,0
510,510,511,1,3,29.0,0,0,7.75,0,1,0,0,1
511,511,512,0,3,28.343689655172412,0,0,8.05,0,1,1,0,0
512,512,513,1,1,36.0,0,0,26.2875,E25,1,1,0,0
513,513,514,1,1,54.0,1,0,59.4,0,0,0,1,0
514,514,515,0,3,24.0,0,0,7.4958,0,1,1,0,0
515,515,516,0,1,47.0,0,0,34.0208,D46,1,1,0,0
516,516,517,1,2,34.0,0,0,10.5,F33,0,1,0,0
517,517,518,0,3,28.343689655172412,0,0,24.15,0,1,0,0,1
518,518,519,1,2,36.0,1,0,26.0,0,0,1,0,0
519,519,520,0,3,32.0,0,0,7.8958,0,1,1,0,0
520,520,521,1,1,30.0,0,0,93.5,B73,0,1,0,0
521,521,522,0,3,22.0,0,0,7.8958,0,1,1,0,0
522,522,523,0,3,28.343689655172412,0,0,7.225,0,1,0,1,0
523,523,524,1,1,44.0,0,1,57.9792,B18,0,0,1,0
524,524,525,0,3,28.343689655172412,0,0,7.2292,0,1,0,1,0
525,525,526,0,3,40.5,0,0,7.75,0,1,0,0,1
526,526,527,1,2,50.0,0,0,10.5,0,0,1,0,0
527,527,528,0,1,28.343689655172412,0,0,221.7792,C95,1,1,0,0
528,528,529,0,3,39.0,0,0,7.925,0,1,1,0,0
529,529,530,0,2,23.0,2,1,11.5,0,1,1,0,0
530,530,531,1,2,2.0,1,1,26.0,0,0,1,0,0
531,531,532,0,3,28.343689655172412,0,0,7.2292,0,1,0,1,0
532,532,533,0,3,17.0,1,1,7.2292,0,1,0,1,0
533,533,534,1,3,28.343689655172412,0,2,22.3583,0,0,0,1,0
534,534,535,0,3,30.0,0,0,8.6625,0,0,1,0,0
535,535,536,1,2,7.0,0,2,26.25,0,0,1,0,0
536,536,537,0,1,45.0,0,0,26.55,B38,1,1,0,0
537,537,538,1,1,30.0,0,0,106.425,0,0,0,1,0
538,538,539,0,3,28.343689655172412,0,0,14.5,0,1,1,0,0
539,539,540,1,1,22.0,0,2,49.5,B39,0,0,1,0
540,540,541,1,1,36.0,0,2,71.0,B22,0,1,0,0
541,541,542,0,3,9.0,4,2,31.275,0,0,1,0,0
542,542,543,0,3,11.0,4,2,31.275,0,0,1,0,0
543,543,544,1,2,32.0,1,0,26.0,0,1,1,0,0
544,544,545,0,1,50.0,1,0,106.425,C86,1,0,1,0
545,545,546,0,1,64.0,0,0,26.0,0,1,1,0,0
546,546,547,1,2,19.0,1,0,26.0,0,0,1,0,0
547,547,548,1,2,28.343689655172412,0,0,13.8625,0,1,0,1,0
548,548,549,0,3,33.0,1,1,20.525,0,1,1,0,0
549,549,550,1,2,8.0,1,1,36.75,0,1,1,0,0
550,550,551,1,1,17.0,0,2,110.8833,C70,1,0,1,0
551,551,552,0,2,27.0,0,0,26.0,0,1,1,0,0
552,552,553,0,3,28.343689655172412,0,0,7.8292,0,1,0,0,1
553,553,554,1,3,22.0,0,0,7.225,0,1,0,1,0
554,554,555,1,3,22.0,0,0,7.775,0,0,1,0,0
555,555,556,0,1,62.0,0,0,26.55,0,1,1,0,0
556,556,557,1,1,48.0,1,0,39.6,A16,0,0,1,0
557,557,558,0,1,28.343689655172412,0,0,227.525,0,1,0,1,0
558,558,559,1,1,39.0,1,1,79.65,E67,0,1,0,0
559,559,560,1,3,36.0,1,0,17.4,0,0,1,0,0
560,560,561,0,3,28.343689655172412,0,0,7.75,0,1,0,0,1
561,561,562,0,3,40.0,0,0,7.8958,0,1,1,0,0
562,562,563,0,2,28.0,0,0,13.5,0,1,1,0,0
563,563,564,0,3,28.343689655172412,0,0,8.05,0,1,1,0,0
564,564,565,0,3,28.343689655172412,0,0,8.05,0,0,1,0,0
565,565,566,0,3,24.0,2,0,24.15,0,1,1,0,0
566,566,567,0,3,19.0,0,0,7.8958,0,1,1,0,0
567,567,568,0,3,29.0,0,4,21.075,0,0,1,0,0
568,568,569,0,3,28.343689655172412,0,0,7.2292,0,1,0,1,0
569,569,570,1,3,32.0,0,0,7.8542,0,1,1,0,0
570,570,571,1,2,62.0,0,0,10.5,0,1,1,0,0
571,571,572,1,1,53.0,2,0,51.4792,C101,0,1,0,0
572,572,573,1,1,36.0,0,0,26.3875,E25,1,1,0,0
573,573,574,1,3,28.343689655172412,0,0,7.75,0,0,0,0,1
574,574,575,0,3,16.0,0,0,8.05,0,1,1,0,0
575,575,576,0,3,19.0,0,0,14.5,0,1,1,0,0
576,576,577,1,2,34.0,0,0,13.0,0,0,1,0,0
577,577,578,1,1,39.0,1,0,55.9,E44,0,1,0,0
578,578,579,0,3,28.343689655172412,1,0,14.4583,0,0,0,1,0
579,579,580,1,3,32.0,0,0,7.925,0,1,1,0,0
580,580,581,1,2,25.0,1,1,30.0,0,0,1,0,0
581,581,582,1,1,39.0,1,1,110.8833,C68,0,0,1,0
582,582,583,0,2,54.0,0,0,26.0,0,1,1,0,0
583,583,584,0,1,36.0,0,0,40.125,A10,1,0,1,0
584,584,585,0,3,28.343689655172412,0,0,8.7125,0,1,0,1,0
585,585,586,1,1,18.0,0,2,79.65,E68,0,1,0,0
586,586,587,0,2,47.0,0,0,15.0,0,1,1,0,0
587,587,588,1,1,60.0,1,1,79.2,B41,1,0,1,0
588,588,589,0,3,22.0,0,0,8.05,0,1,1,0,0
589,589,590,0,3,28.343689655172412,0,0,8.05,0,1,1,0,0
590,590,591,0,3,35.0,0,0,7.125,0,1,1,0,0
591,591,592,1,1,52.0,1,0,78.2667,D20,0,0,1,0
592,592,593,0,3,47.0,0,0,7.25,0,1,1,0,0
593,593,594,0,3,28.343689655172412,0,2,7.75,0,0,0,0,1
594,594,595,0,2,37.0,1,0,26.0,0,1,1,0,0
595,595,596,0,3,36.0,1,1,24.15,0,1,1,0,0
596,596,597,1,2,28.343689655172412,0,0,33.0,0,0,1,0,0
597,597,598,0,3,49.0,0,0,0.0,0,1,1,0,0
598,598,599,0,3,28.343689655172412,0,0,7.225,0,1,0,1,0
599,599,600,1,1,49.0,1,0,56.9292,A20,1,0,1,0
600,600,601,1,2,24.0,2,1,27.0,0,0,1,0,0
601,601,602,0,3,28.343689655172412,0,0,7.8958,0,1,1,0,0
602,602,603,0,1,28.343689655172412,0,0,42.4,0,1,1,0,0
603,603,604,0,3,44.0,0,0,8.05,0,1,1,0,0
604,604,605,1,1,35.0,0,0,26.55,0,1,0,1,0
605,605,606,0,3,36.0,1,0,15.55,0,1,1,0,0
606,606,607,0,3,30.0,0,0,7.8958,0,1,1,0,0
607,607,608,1,1,27.0,0,0,30.5,0,1,1,0,0
608,608,609,1,2,22.0,1,2,41.5792,0,0,0,1,0
609,609,610,1,1,40.0,0,0,153.4625,C125,0,1,0,0
610,610,611,0,3,39.0,1,5,31.275,0,0,1,0,0
611,611,612,0,3,28.343689655172412,0,0,7.05,0,1,1,0,0
612,612,613,1,3,28.343689655172412,1,0,15.5,0,0,0,0,1
613,613,614,0,3,28.343689655172412,0,0,7.75,0,1,0,0,1
614,614,615,0,3,35.0,0,0,8.05,0,1,1,0,0
615,615,616,1,2,24.0,1,2,65.0,0,0,1,0,0
616,616,617,0,3,34.0,1,1,14.4,0,1,1,0,0
617,617,618,0,3,26.0,1,0,16.1,0,0,1,0,0
618,618,619,1,2,4.0,2,1,39.0,F4,0,1,0,0
619,619,620,0,2,26.0,0,0,10.5,0,1,1,0,0
620,620,621,0,3,27.0,1,0,14.4542,0,1,0,1,0
621,621,622,1,1,42.0,1,0,52.5542,D19,1,1,0,0
622,622,623,1,3,20.0,1,1,15.7417,0,1,0,1,0
623,623,624,0,3,21.0,0,0,7.8542,0,1,1,0,0
624,624,625,0,3,21.0,0,0,16.1,0,1,1,0,0
625,625,626,0,1,61.0,0,0,32.3208,D50,1,1,0,0
626,626,627,0,2,57.0,0,0,12.35,0,1,0,0,1
627,627,628,1,1,21.0,0,0,77.9583,D9,0,1,0,0
628,628,629,0,3,26.0,0,0,7.8958,0,1,1,0,0
629,629,630,0,3,28.343689655172412,0,0,7.7333,0,1,0,0,1
630,630,631,1,1,80.0,0,0,30.0,A23,1,1,0,0
631,631,632,0,3,51.0,0,0,7.0542,0,1,1,0,0
632,632,633,1,1,32.0,0,0,30.5,B50,1,0,1,0
633,633,634,0,1,28.343689655172412,0,0,0.0,0,1,1,0,0
634,634,635,0,3,9.0,3,2,27.9,0,0,1,0,0
635,635,636,1,2,28.0,0,0,13.0,0,0,1,0,0
636,636,637,0,3,32.0,0,0,7.925,0,1,1,0,0
637,637,638,0,2,31.0,1,1,26.25,0,1,1,0,0
638,638,639,0,3,41.0,0,5,39.6875,0,0,1,0,0
639,639,640,0,3,28.343689655172412,1,0,16.1,0,1,1,0,0
640,640,641,0,3,20.0,0,0,7.8542,0,1,1,0,0
641,641,642,1,1,24.0,0,0,69.3,B35,0,0,1,0
642,642,643,0,3,2.0,3,2,27.9,0,0,1,0,0
643,643,644,1,3,28.343689655172412,0,0,56.4958,0,1,1,0,0
644,644,645,1,3,0.75,2,1,19.2583,0,0,0,1,0
645,645,646,1,1,48.0,1,0,76.7292,D33,1,0,1,0
646,646,647,0,3,19.0,0,0,7.8958,0,1,1,0,0
647,647,648,1,1,56.0,0,0,35.5,A26,1,0,1,0
648,648,649,0,3,28.343689655172412,0,0,7.55,0,1,1,0,0
649,649,650,1,3,23.0,0,0,7.55,0,0,1,0,0
650,650,651,0,3,28.343689655172412,0,0,7.8958,0,1,1,0,0
651,651,652,1,2,18.0,0,1,23.0,0,0,1,0,0
652,652,653,0,3,21.0,0,0,8.4333,0,1,1,0,0
653,653,654,1,3,28.343689655172412,0,0,7.8292,0,0,0,0,1
654,654,655,0,3,18.0,0,0,6.75,0,0,0,0,1
655,655,656,0,2,24.0,2,0,73.5,0,1,1,0,0
656,656,657,0,3,28.343689655172412,0,0,7.8958,0,1,1,0,0
657,657,658,0,3,32.0,1,1,15.5,0,0,0,0,1
658,658,659,0,2,23.0,0,0,13.0,0,1,1,0,0
659,659,660,0,1,58.0,0,2,113.275,D48,1,0,1,0
660,660,661,1,1,50.0,2,0,133.65,0,1,1,0,0
661,661,662,0,3,40.0,0,0,7.225,0,1,0,1,0
662,662,663,0,1,47.0,0,0,25.5875,E58,1,1,0,0
663,663,664,0,3,36.0,0,0,7.4958,0,1,1,0,0
664,664,665,1,3,20.0,1,0,7.925,0,1,1,0,0
665,665,666,0,2,32.0,2,0,73.5,0,1,1,0,0
666,666,667,0,2,25.0,0,0,13.0,0,1,1,0,0
667,667,668,0,3,28.343689655172412,0,0,7.775,0,1,1,0,0
668,668,669,0,3,43.0,0,0,8.05,0,1,1,0,0
669,669,670,1,1,28.343689655172412,1,0,52.0,C126,0,1,0,0
670,670,671,1,2,40.0,1,1,39.0,0,0,1,0,0
671,671,672,0,1,31.0,1,0,52.0,B71,1,1,0,0
672,672,673,0,2,70.0,0,0,10.5,0,1,1,0,0
673,673,674,1,2,31.0,0,0,13.0,0,1,1,0,0
674,674,675,0,2,28.343689655172412,0,0,0.0,0,1,1,0,0
675,675,676,0,3,18.0,0,0,7.775,0,1,1,0,0
676,676,677,0,3,24.5,0,0,8.05,0,1,1,0,0
677,677,678,1,3,18.0,0,0,9.8417,0,0,1,0,0
678,678,679,0,3,43.0,1,6,46.9,0,0,1,0,0
679,679,680,1,1,36.0,0,1,512.3292,B51 B53 B55,1,0,1,0
680,680,681,0,3,28.343689655172412,0,0,8.1375,0,0,0,0,1
681,681,682,1,1,27.0,0,0,76.7292,D49,1,0,1,0
682,682,683,0,3,20.0,0,0,9.225,0,1,1,0,0
683,683,684,0,3,14.0,5,2,46.9,0,1,1,0,0
684,684,685,0,2,60.0,1,1,39.0,0,1,1,0,0
685,685,686,0,2,25.0,1,2,41.5792,0,1,0,1,0
686,686,687,0,3,14.0,4,1,39.6875,0,1,1,0,0
687,687,688,0,3,19.0,0,0,10.1708,0,1,1,0,0
688,688,689,0,3,18.0,0,0,7.7958,0,1,1,0,0
689,689,690,1,1,15.0,0,1,211.3375,B5,0,1,0,0
690,690,691,1,1,31.0,1,0,57.0,B20,1,1,0,0
691,691,692,1,3,4.0,0,1,13.4167,0,0,0,1,0
692,692,693,1,3,28.343689655172412,0,0,56.4958,0,1,1,0,0
693,693,694,0,3,25.0,0,0,7.225,0,1,0,1,0
694,694,695,0,1,60.0,0,0,26.55,0,1,1,0,0
695,695,696,0,2,52.0,0,0,13.5,0,1,1,0,0
696,696,697,0,3,44.0,0,0,8.05,0,1,1,0,0
697,697,698,1,3,28.343689655172412,0,0,7.7333,0,0,0,0,1
698,698,699,0,1,49.0,1,1,110.8833,C68,1,0,1,0
699,699,700,0,3,42.0,0,0,7.65,F G63,1,1,0,0
700,700,701,1,1,18.0,1,0,227.525,C62 C64,0,0,1,0
701,701,702,1,1,35.0,0,0,26.2875,E24,1,1,0,0
702,702,703,0,3,18.0,0,1,14.4542,0,0,0,1,0
703,703,704,0,3,25.0,0,0,7.7417,0,1,0,0,1
704,704,705,0,3,26.0,1,0,7.8542,0,1,1,0,0
705,705,706,0,2,39.0,0,0,26.0,0,1,1,0,0
706,706,707,1,2,45.0,0,0,13.5,0,0,1,0,0
707,707,708,1,1,42.0,0,0,26.2875,E24,1,1,0,0
708,708,709,1,1,22.0,0,0,151.55,0,0,1,0,0
709,709,710,1,3,28.343689655172412,1,1,15.2458,0,1,0,1,0
710,710,711,1,1,24.0,0,0,49.5042,C90,0,0,1,0
711,711,712,0,1,28.343689655172412,0,0,26.55,C124,1,1,0,0
712,712,713,1,1,48.0,1,0,52.0,C126,1,1,0,0
713,713,714,0,3,29.0,0,0,9.4833,0,1,1,0,0
714,714,715,0,2,52.0,0,0,13.0,0,1,1,0,0
715,715,716,0,3,19.0,0,0,7.65,F G73,1,1,0,0
716,716,717,1,1,38.0,0,0,227.525,C45,0,0,1,0
717,717,718,1,2,27.0,0,0,10.5,E101,0,1,0,0
718,718,719,0,3,28.343689655172412,0,0,15.5,0,1,0,0,1
719,719,720,0,3,33.0,0,0,7.775,0,1,1,0,0
720,720,721,1,2,6.0,0,1,33.0,0,0,1,0,0
721,721,722,0,3,17.0,1,0,7.0542,0,1,1,0,0
722,722,723,0,2,34.0,0,0,13.0,0,1,1,0,0
723,723,724,0,2,50.0,0,0,13.0,0,1,1,0,0
724,724,725,1,1,27.0,1,0,53.1,E8,1,1,0,0
725,725,726,0,3,20.0,0,0,8.6625,0,1,1,0,0
726,726,727,1,2,30.0,3,0,21.0,0,0,1,0,0
727,727,728,1,3,28.343689655172412,0,0,7.7375,0,0,0,0,1
728,728,729,0,2,25.0,1,0,26.0,0,1,1,0,0
729,729,730,0,3,25.0,1,0,7.925,0,0,1,0,0
730,730,731,1,1,29.0,0,0,211.3375,B5,0,1,0,0
731,731,732,0,3,11.0,0,0,18.7875,0,1,0,1,0
732,732,733,0,2,28.343689655172412,0,0,0.0,0,1,1,0,0
733,733,734,0,2,23.0,0,0,13.0,0,1,1,0,0
734,734,735,0,2,23.0,0,0,13.0,0,1,1,0,0
735,735,736,0,3,28.5,0,0,16.1,0,1,1,0,0
736,736,737,0,3,48.0,1,3,34.375,0,0,1,0,0
737,737,738,1,1,35.0,0,0,512.3292,B101,1,0,1,0
738,738,739,0,3,28.343689655172412,0,0,7.8958,0,1,1,0,0
739,739,740,0,3,28.343689655172412,0,0,7.8958,0,1,1,0,0
740,740,741,1,1,28.343689655172412,0,0,30.0,D45,1,1,0,0
741,741,742,0,1,36.0,1,0,78.85,C46,1,1,0,0
742,742,743,1,1,21.0,2,2,262.375,B57 B59 B63 B66,0,0,1,0
743,743,744,0,3,24.0,1,0,16.1,0,1,1,0,0
744,744,745,1,3,31.0,0,0,7.925,0,1,1,0,0
745,745,746,0,1,70.0,1,1,71.0,B22,1,1,0,0
746,746,747,0,3,16.0,1,1,20.25,0,1,1,0,0
747,747,748,1,2,30.0,0,0,13.0,0,0,1,0,0
748,748,749,0,1,19.0,1,0,53.1,D30,1,1,0,0
749,749,750,0,3,31.0,0,0,7.75,0,1,0,0,1
750,750,751,1,2,4.0,1,1,23.0,0,0,1,0,0
751,751,752,1,3,6.0,0,1,12.475,E121,1,1,0,0
752,752,753,0,3,33.0,0,0,9.5,0,1,1,0,0
753,753,754,0,3,23.0,0,0,7.8958,0,1,1,0,0
754,754,755,1,2,48.0,1,2,65.0,0,0,1,0,0
755,755,756,1,2,0.67,1,1,14.5,0,1,1,0,0
756,756,757,0,3,28.0,0,0,7.7958,0,1,1,0,0
757,757,758,0,2,18.0,0,0,11.5,0,1,1,0,0
758,758,759,0,3,34.0,0,0,8.05,0,1,1,0,0
759,759,760,1,1,33.0,0,0,86.5,B77,0,1,0,0
760,760,761,0,3,28.343689655172412,0,0,14.5,0,1,1,0,0
761,761,762,0,3,41.0,0,0,7.125,0,1,1,0,0
762,762,763,1,3,20.0,0,0,7.2292,0,1,0,1,0
763,763,764,1,1,36.0,1,2,120.0,B96 B98,0,1,0,0
764,764,765,0,3,16.0,0,0,7.775,0,1,1,0,0
765,765,766,1,1,51.0,1,0,77.9583,D11,0,1,0,0
766,766,767,0,1,28.343689655172412,0,0,39.6,0,1,0,1,0
767,767,768,0,3,30.5,0,0,7.75,0,0,0,0,1
768,768,769,0,3,28.343689655172412,1,0,24.15,0,1,0,0,1
769,769,770,0,3,32.0,0,0,8.3625,0,1,1,0,0
770,770,771,0,3,24.0,0,0,9.5,0,1,1,0,0
771,771,772,0,3,48.0,0,0,7.8542,0,1,1,0,0
772,772,773,0,2,57.0,0,0,10.5,E77,0,1,0,0
773,773,774,0,3,28.343689655172412,0,0,7.225,0,1,0,1,0
774,774,775,1,2,54.0,1,3,23.0,0,0,1,0,0
775,775,776,0,3,18.0,0,0,7.75,0,1,1,0,0
776,776,777,0,3,28.343689655172412,0,0,7.75,F38,1,0,0,1
777,777,778,1,3,5.0,0,0,12.475,0,0,1,0,0
778,778,779,0,3,28.343689655172412,0,0,7.7375,0,1,0,0,1
779,779,780,1,1,43.0,0,1,211.3375,B3,0,1,0,0
780,780,781,1,3,13.0,0,0,7.2292,0,0,0,1,0
781,781,782,1,1,17.0,1,0,57.0,B20,0,1,0,0
782,782,783,0,1,29.0,0,0,30.0,D6,1,1,0,0
783,783,784,0,3,28.343689655172412,1,2,23.45,0,1,1,0,0
784,784,785,0,3,25.0,0,0,7.05,0,1,1,0,0
785,785,786,0,3,25.0,0,0,7.25,0,1,1,0,0
786,786,787,1,3,18.0,0,0,7.4958,0,0,1,0,0
787,787,788,0,3,8.0,4,1,29.125,0,1,0,0,1
788,788,789,1,3,1.0,1,2,20.575,0,1,1,0,0
789,789,790,0,1,46.0,0,0,79.2,B82 B84,1,0,1,0
790,790,791,0,3,28.343689655172412,0,0,7.75,0,1,0,0,1
791,791,792,0,2,16.0,0,0,26.0,0,1,1,0,0
792,792,793,0,3,28.343689655172412,8,2,69.55,0,0,1,0,0
793,793,794,0,1,28.343689655172412,0,0,30.6958,0,1,0,1,0
794,794,795,0,3,25.0,0,0,7.8958,0,1,1,0,0
795,795,796,0,2,39.0,0,0,13.0,0,1,1,0,0
796,796,797,1,1,49.0,0,0,25.9292,D17,0,1,0,0
797,797,798,1,3,31.0,0,0,8.6833,0,0,1,0,0
798,798,799,0,3,30.0,0,0,7.2292,0,1,0,1,0
799,799,800,0,3,30.0,1,1,24.15,0,0,1,0,0
800,800,801,0,2,34.0,0,0,13.0,0,1,1,0,0
801,801,802,1,2,31.0,1,1,26.25,0,0,1,0,0
802,802,803,1,1,11.0,1,2,120.0,B96 B98,1,1,0,0
803,803,804,1,3,0.42,0,1,8.5167,0,1,0,1,0
804,804,805,1,3,27.0,0,0,6.975,0,1,1,0,0
805,805,806,0,3,31.0,0,0,7.775,0,1,1,0,0
806,806,807,0,1,39.0,0,0,0.0,A36,1,1,0,0
807,807,808,0,3,18.0,0,0,7.775,0,0,1,0,0
808,808,809,0,2,39.0,0,0,13.0,0,1,1,0,0
809,809,810,1,1,33.0,1,0,53.1,E8,0,1,0,0
810,810,811,0,3,26.0,0,0,7.8875,0,1,1,0,0
811,811,812,0,3,39.0,0,0,24.15,0,1,1,0,0
812,812,813,0,2,35.0,0,0,10.5,0,1,1,0,0
813,813,814,0,3,6.0,4,2,31.275,0,0,1,0,0
814,814,815,0,3,30.5,0,0,8.05,0,1,1,0,0
815,815,816,0,1,28.343689655172412,0,0,0.0,B102,1,1,0,0
816,816,817,0,3,23.0,0,0,7.925,0,0,1,0,0
817,817,818,0,2,31.0,1,1,37.0042,0,1,0,1,0
818,818,819,0,3,43.0,0,0,6.45,0,1,1,0,0
819,819,820,0,3,10.0,3,2,27.9,0,1,1,0,0
820,820,821,1,1,52.0,1,1,93.5,B69,0,1,0,0
821,821,822,1,3,27.0,0,0,8.6625,0,1,1,0,0
822,822,823,0,1,38.0,0,0,0.0,0,1,1,0,0
823,823,824,1,3,27.0,0,1,12.475,E121,0,1,0,0
824,824,825,0,3,2.0,4,1,39.6875,0,1,1,0,0
825,825,826,0,3,28.343689655172412,0,0,6.95,0,1,0,0,1
826,826,827,0,3,28.343689655172412,0,0,56.4958,0,1,1,0,0
827,827,828,1,2,1.0,0,2,37.0042,0,1,0,1,0
828,828,829,1,3,28.343689655172412,0,0,7.75,0,1,0,0,1
829,829,830,1,1,62.0,0,0,80.0,B28,0,0,0,0
830,830,831,1,3,15.0,1,0,14.4542,0,0,0,1,0
831,831,832,1,2,0.83,1,1,18.75,0,1,1,0,0
832,832,833,0,3,28.343689655172412,0,0,7.2292,0,1,0,1,0
833,833,834,0,3,23.0,0,0,7.8542,0,1,1,0,0
834,834,835,0,3,18.0,0,0,8.3,0,1,1,0,0
835,835,836,1,1,39.0,1,1,83.1583,E49,0,0,1,0
836,836,837,0,3,21.0,0,0,8.6625,0,1,1,0,0
837,837,838,0,3,28.343689655172412,0,0,8.05,0,1,1,0,0
838,838,839,1,3,32.0,0,0,56.4958,0,1,1,0,0
839,839,840,1,1,28.343689655172412,0,0,29.7,C47,1,0,1,0
840,840,841,0,3,20.0,0,0,7.925,0,1,1,0,0
841,841,842,0,2,16.0,0,0,10.5,0,1,1,0,0
842,842,843,1,1,30.0,0,0,31.0,0,0,0,1,0
843,843,844,0,3,34.5,0,0,6.4375,0,1,0,1,0
844,844,845,0,3,17.0,0,0,8.6625,0,1,1,0,0
845,845,846,0,3,42.0,0,0,7.55,0,1,1,0,0
846,846,847,0,3,28.343689655172412,8,2,69.55,0,1,1,0,0
847,847,848,0,3,35.0,0,0,7.8958,0,1,0,1,0
848,848,849,0,2,28.0,0,1,33.0,0,1,1,0,0
849,849,850,1,1,28.343689655172412,1,0,89.1042,C92,0,0,1,0
850,850,851,0,3,4.0,4,2,31.275,0,1,1,0,0
851,851,852,0,3,74.0,0,0,7.775,0,1,1,0,0
852,852,853,0,3,9.0,1,1,15.2458,0,0,0,1,0
853,853,854,1,1,16.0,0,1,39.4,D28,0,1,0,0
854,854,855,0,2,44.0,1,0,26.0,0,0,1,0,0
855,855,856,1,3,18.0,0,1,9.35,0,0,1,0,0
856,856,857,1,1,45.0,1,1,164.8667,0,0,1,0,0
857,857,858,1,1,51.0,0,0,26.55,E17,1,1,0,0
858,858,859,1,3,24.0,0,3,19.2583,0,0,0,1,0
859,859,860,0,3,28.343689655172412,0,0,7.2292,0,1,0,1,0
860,860,861,0,3,41.0,2,0,14.1083,0,1,1,0,0
861,861,862,0,2,21.0,1,0,11.5,0,1,1,0,0
862,862,863,1,1,48.0,0,0,25.9292,D17,0,1,0,0
863,863,864,0,3,28.343689655172412,8,2,69.55,0,0,1,0,0
864,864,865,0,2,24.0,0,0,13.0,0,1,1,0,0
865,865,866,1,2,42.0,0,0,13.0,0,0,1,0,0
866,866,867,1,2,27.0,1,0,13.8583,0,0,0,1,0
867,867,868,0,1,31.0,0,0,50.4958,A24,1,1,0,0
868,868,869,0,3,28.343689655172412,0,0,9.5,0,1,1,0,0
869,869,870,1,3,4.0,1,1,11.1333,0,1,1,0,0
870,870,871,0,3,26.0,0,0,7.8958,0,1,1,0,0
871,871,872,1,1,47.0,1,1,52.5542,D35,0,1,0,0
872,872,873,0,1,33.0,0,0,5.0,B51 B53 B55,1,1,0,0
873,873,874,0,3,47.0,0,0,9.0,0,1,1,0,0
874,874,875,1,2,28.0,1,0,24.0,0,0,0,1,0
875,875,876,1,3,15.0,0,0,7.225,0,0,0,1,0
876,876,877,0,3,20.0,0,0,9.8458,0,1,1,0,0
877,877,878,0,3,19.0,0,0,7.8958,0,1,1,0,0
878,878,879,0,3,28.343689655172412,0,0,7.8958,0,1,1,0,0
879,879,880,1,1,56.0,0,1,83.1583,C50,0,0,1,0
880,880,881,1,2,25.0,0,1,26.0,0,0,1,0,0
881,881,882,0,3,33.0,0,0,7.8958,0,1,1,0,0
882,882,883,0,3,22.0,0,0,10.5167,0,0,1,0,0
883,883,884,0,2,28.0,0,0,10.5,0,1,1,0,0
884,884,885,0,3,25.0,0,0,7.05,0,1,1,0,0
885,885,886,0,3,39.0,0,5,29.125,0,0,0,0,1
886,886,887,0,2,27.0,0,0,13.0,0,1,1,0,0
887,887,888,1,1,19.0,0,0,30.0,B42,0,1,0,0
888,888,889,0,3,28.343689655172412,1,2,23.45,0,0,1,0,0
889,889,890,1,1,26.0,0,0,30.0,C148,1,0,1,0
890,890,891,0,3,32.0,0,0,7.75,0,1,0,0,1
